User_ID,Cust_name,Product_ID,Gender,Age Group,Age,Marital_Status,State,Zone,Occupation,Product_Category,Orders,Amount
1002903,Sanskriti,P00125942,F,26-35,28,0,Maharashtra,Western,Healthcare,Auto,1,23952.0
1000732,Kartik,P00110942,F,26-35,35,1,Andhra Pradesh,Southern,Govt,Auto,3,23934.0
1001990,Bindu,P00118542,F,26-35,35,1,Uttar Pradesh,Central,Automobile,Auto,3,23924.0
1001425,Sudevi,P00237842,M,0-17,16,0,Karnataka,Southern,Construction,Auto,2,23912.0
1000588,Joni,P00057942,M,26-35,28,1,Gujarat,Western,Food Processing,Auto,2,23877.0
1000588,Joni,P00057942,M,26-35,28,1,Himachal Pradesh,Northern,Food Processing,Auto,1,23877.0
1001132,Balk,P00018042,F,18-25,25,1,Uttar Pradesh,Central,Lawyer,Auto,4,23841.0
1003224,Kushal,P00205642,M,26-35,35,0,Uttar Pradesh,Central,Govt,Auto,2,23809.0
1003650,Ginny,P00031142,F,26-35,26,1,Andhra Pradesh,Southern,Media,Auto,4,23799.99
1003829,Harshita,P00200842,M,26-35,34,0,Delhi,Central,Banking,Auto,1,23770.0
1000214,Kargatis,P00119142,F,18-25,20,0,Andhra Pradesh,Southern,Retail,Auto,2,23752.0
1004035,Elijah,P00080342,F,18-25,20,1,Andhra Pradesh,Southern,IT Sector,Auto,2,23730.0
1001680,Vasudev,P00324942,M,26-35,26,1,Andhra Pradesh,Southern,Automobile,Auto,4,23718.0
1000813,Lauren,P00289942,F,18-25,24,0,Andhra Pradesh,Southern,Govt,Auto,2,23664.0
1001193,Mick,P00004842,F,26-35,29,0,Andhra Pradesh,Southern,Aviation,Auto,1,23619.0
1001883,Praneet,P00029842,M,51-55,54,1,Uttar Pradesh,Central,Hospitality,Auto,1,23568.0
1000113,Ellis,P00180642,F,18-25,19,1,Andhra Pradesh,Southern,Govt,Auto,4,23546.0
1000416,Hrisheekesh,P00181842,F,46-50,46,1,Uttar Pradesh,Central,Banking,Auto,2,23525.0
1005256,Grant,P00101742,F,26-35,30,0,Andhra Pradesh,Southern,IT Sector,Auto,1,23518.0
1001505,Gilcrest,P00271842,F,51-55,53,0,Uttar Pradesh,Central,Automobile,Auto,2,23515.0
1000900,Skaria,P00317842,M,55+,83,0,Karnataka,Southern,Automobile,Auto,3,23513.0
1005908,Eric,P00282642,F,26-35,33,0,Andhra Pradesh,Southern,IT Sector,Auto,3,23462.0
1001101,Gibson,P00234742,F,36-45,40,0,Uttar Pradesh,Central,Banking,Auto,3,23456.0
1004736,Mahima,P00058042,F,18-25,25,1,Andhra Pradesh,Southern,Banking,Auto,4,23451.0
1004037,Etezadi,P00190542,M,51-55,54,1,Andhra Pradesh,Southern,Govt,Hand & Power Tools,2,23434.0
1002340,James,P00119642,F,36-45,39,1,Andhra Pradesh,Southern,Aviation,Auto,3,23389.0
1005664,Dean,P00111642,F,18-25,20,0,Andhra Pradesh,Southern,Aviation,Auto,2,23365.0
1002523,Aman,P00293342,F,26-35,32,1,Andhra Pradesh,Southern,Food Processing,Auto,3,23326.0
1002503,Mousam,P00220042,F,36-45,36,0,Andhra Pradesh,Southern,Automobile,Auto,2,23314.0
1002638,Damala,P00346242,F,26-35,35,1,Maharashtra,Western,Media,Auto,2,23306.0
1004505,Daniels,P00080042,F,51-55,55,1,Andhra Pradesh,Southern,Healthcare,Auto,4,23302.0
1004957,Inderpreet,P00111842,M,26-35,27,1,Jharkhand,Eastern,Govt,Auto,1,23285.0
1005649,Sweta,P00238542,M,18-25,20,1,Delhi,Central,Media,Auto,1,23281.0
1004508,Phonely,P00048742,F,26-35,32,0,Andhra Pradesh,Southern,Aviation,Auto,1,23270.0
1002520,Mike,P00310342,M,55+,72,1,Himachal Pradesh,Northern,Media,Auto,4,23267.0
1003111,Dean,P00249542,F,18-25,25,1,Andhra Pradesh,Southern,Banking,Auto,4,23252.0
1000687,Neola,P00156442,M,26-35,35,0,Kerala,Southern,Aviation,Auto,1,23247.0
1003267,Trupti,P00144242,M,26-35,30,1,Uttar Pradesh,Central,Banking,Hand & Power Tools,2,23246.0
1001182,Zypern,P00122442,M,0-17,16,0,Andhra Pradesh,Southern,Food Processing,Auto,4,23239.0
1005383,Ellison,P0096942,F,36-45,40,0,Andhra Pradesh,Southern,Aviation,Auto,2,23201.0
1004303,Jane,P00201442,F,26-35,35,1,Andhra Pradesh,Southern,Aviation,Auto,2,23185.0
1005493,Stewart,P00036242,M,36-45,45,1,Andhra Pradesh,Southern,Agriculture,Hand & Power Tools,3,23160.0
1000728,Breyer,P00113942,F,26-35,28,0,Andhra Pradesh,Southern,Banking,Auto,1,23154.0
1002966,Jesslyn,P00121642,M,26-35,32,1,Delhi,Central,Construction,Auto,3,23103.0
1001726,Abhijit,P00105042,F,26-35,32,0,Andhra Pradesh,Southern,Retail,Auto,4,23066.0
1001404,Vineet,P00141842,F,51-55,53,0,Andhra Pradesh,Southern,IT Sector,Auto,2,23053.0
1005267,Elizabeth,P00115342,F,36-45,43,1,Andhra Pradesh,Southern,IT Sector,Auto,3,23047.0
1003745,Shivani,P00220042,M,26-35,29,0,Haryana,Northern,IT Sector,Stationery,2,21563.0
1001884,Eugene,P00339042,F,46-50,47,0,Delhi,Central,Textile,Stationery,1,21547.0
1001804,Ishit,P00000642,F,26-35,35,0,Delhi,Central,Lawyer,Stationery,1,21533.0
1005359,Schwarz,P00302742,F,18-25,22,1,Delhi,Central,Media,Stationery,1,21503.0
1000151,Sujay,P00150342,M,26-35,34,1,Karnataka,Southern,IT Sector,Stationery,2,21495.0
1001389,Smriti,P00261542,F,26-35,33,1,Delhi,Central,Agriculture,Stationery,3,21463.0
1002665,Champaklata,P00261842,F,36-45,36,0,Delhi,Central,IT Sector,Stationery,4,21427.0
1002496,Patil,P00114042,F,51-55,52,0,Delhi,Central,IT Sector,Stationery,4,21423.0
1001442,Atharv,P00145042,M,18-25,18,1,Delhi,Central,Construction,Stationery,2,21401.0
1000379,Thais,P00121642,M,36-45,39,0,Maharashtra,Western,Healthcare,Stationery,3,21397.0
1003916,Surabhi,P00003242,M,26-35,34,1,Delhi,Central,Agriculture,Stationery,4,21388.0
1001687,Bruce,P00265242,F,26-35,33,0,Maharashtra,Western,Govt,Stationery,4,21325.0
1000423,Saurabh,P00046742,M,18-25,21,0,Delhi,Central,Automobile,Stationery,2,21320.0
1002395,Vaibhavi,P00220342,F,36-45,38,1,Delhi,Central,Aviation,Stationery,2,21317.0
1004728,Larry,P00037042,F,26-35,28,0,Delhi,Central,IT Sector,Stationery,4,21293.0
1005054,Parhena,P0096542,F,36-45,37,0,Delhi,Central,Hospitality,Stationery,1,21266.0
1004489,Pete,P00216742,M,18-25,20,0,Delhi,Central,Construction,Stationery,1,21259.0
1001865,Cyra,P00213742,M,18-25,23,1,Kerala,Southern,Media,Stationery,2,21246.0
1003022,Rozendal,P00130742,F,26-35,34,0,Delhi,Central,Banking,Stationery,4,21218.0
1001657,Jack,P00248442,M,46-50,49,0,Andhra Pradesh,Southern,Govt,Stationery,2,21178.0
1003751,Victor,P00129542,M,36-45,38,1,Karnataka,Southern,Media,Stationery,1,21178.0
1000179,Debra,P00261642,F,26-35,30,0,Delhi,Central,Aviation,Stationery,4,21152.0
1000438,Bhosale,P00182542,F,18-25,25,0,Madhya Pradesh,Central,IT Sector,Tupperware,2,21079.0
1003618,Keshav,P00248942,M,18-25,19,1,Maharashtra,Western,Media,Tupperware,1,21058.0
1003415,Arsheen,P00152742,M,36-45,42,0,Delhi,Central,Hospitality,Stationery,1,21039.0
1002485,Kaydos,P00302342,F,36-45,38,1,Gujarat,Western,Media,Tupperware,3,21013.0
1001495,Fjeld,P00064042,F,18-25,21,1,Delhi,Central,IT Sector,Stationery,4,21009.0
1004607,Turumella,P00173342,M,26-35,35,0,Delhi,Central,Govt,Stationery,4,20981.0
1005316,Vernon,P00278642,F,18-25,24,1,Kerala,Southern,Govt,Tupperware,4,20967.0
1000461,Connell,P00142942,M,51-55,52,1,Himachal Pradesh,Northern,Healthcare,Stationery,2,20965.0
1000154,Shami,P00306042,F,51-55,53,1,Karnataka,Southern,Textile,Footwear & Shoes,4,20965.0
1000749,Flanagan,P00114342,F,36-45,37,1,Uttar Pradesh,Central,Lawyer,Footwear & Shoes,2,20963.0
1006040,Pond,P00271242,F,26-35,28,1,Delhi,Central,IT Sector,Footwear & Shoes,1,20960.0
1001284,O'Brian,P00157142,M,46-50,50,0,Karnataka,Southern,Banking,Footwear & Shoes,3,20960.0
1004269,Namrata,P00345242,F,36-45,40,0,Delhi,Central,Lawyer,Footwear & Shoes,1,20959.0
1001496,Haushalter,P00067942,F,26-35,35,1,Madhya Pradesh,Central,Chemical,Footwear & Shoes,1,20955.0
1003007,Maurice,P00191942,F,36-45,45,0,Delhi,Central,Banking,Stationery,4,20951.5
1004715,Snel,P00217442,F,26-35,35,0,Delhi,Central,Food Processing,Footwear & Shoes,3,20950.0
1000306,Patrick,P00303242,F,18-25,18,0,Maharashtra,Western,Aviation,Tupperware,3,20949.0
1000855,Sung,P00240042,M,18-25,22,0,Delhi,Central,Automobile,Footwear & Shoes,3,20948.0
1001183,Mahima,P00084842,F,36-45,43,1,Delhi,Central,Aviation,Footwear & Shoes,4,20945.0
1005954,Charlotte,P00156242,F,46-50,48,1,Karnataka,Southern,Automobile,Footwear & Shoes,2,20944.0
1005627,Anubhaw,P00123142,M,26-35,28,0,Delhi,Central,IT Sector,Stationery,1,20943.0
1002165,Black,P00260442,F,26-35,31,1,Delhi,Central,IT Sector,Footwear & Shoes,1,20938.0
1004416,Airdo,P00213742,F,18-25,23,0,Uttar Pradesh,Central,Construction,Footwear & Shoes,2,20933.0
1000850,Bhawna,P00319942,F,36-45,44,0,Uttar Pradesh,Central,Lawyer,Footwear & Shoes,3,20932.0
1002888,Corey-Lock,P00255842,F,26-35,34,0,Andhra Pradesh,Southern,Automobile,Tupperware,2,20930.0
1001891,Akin,P00192542,F,46-50,46,0,Uttar Pradesh,Central,Chemical,Footwear & Shoes,1,20929.0
1001019,Neil,P00259142,F,36-45,43,1,Delhi,Central,Govt,Footwear & Shoes,2,20928.0
1002306,Lisha,P00084242,M,18-25,21,1,Jharkhand,Eastern,Textile,Footwear & Shoes,3,20925.0
1001179,Amlan,P00208742,M,51-55,54,0,Delhi,Central,IT Sector,Footwear & Shoes,3,20920.0
1004957,Inderpreet,P00163442,F,26-35,34,1,Delhi,Central,Healthcare,Footwear & Shoes,1,20914.0
1004079,Fisher,P00284742,F,36-45,44,1,Uttar Pradesh,Central,Agriculture,Footwear & Shoes,2,20914.0
1002124,Linda,P00369042,F,26-35,29,0,Karnataka,Southern,Retail,Footwear & Shoes,3,20912.0
1004335,Aryan,P00075542,F,36-45,38,0,Karnataka,Southern,Healthcare,Footwear & Shoes,4,20912.0
1000280,Kajal,P00216042,F,51-55,55,0,Delhi,Central,Hospitality,Footwear & Shoes,2,20908.0
1003311,Neola,P00142742,F,26-35,26,1,Karnataka,Southern,Hospitality,Footwear & Shoes,1,20908.0
1004161,Murray,P00345642,F,46-50,46,0,Karnataka,Southern,Retail,Footwear & Shoes,4,20906.0
1005265,Sakshi,P00296242,F,46-50,48,1,Delhi,Central,Banking,Footwear & Shoes,1,20217.44829
1004285,Bhishm,P00315842,M,36-45,38,0,Uttar Pradesh,Central,Food Processing,Footwear & Shoes,3,20180.90651
1005261,Apoorva,P00057942,F,36-45,41,1,Delhi,Central,IT Sector,Footwear & Shoes,2,20144.36473
1000445,Sukruta,P00114042,F,46-50,47,0,Delhi,Central,Retail,Footwear & Shoes,1,20107.82295
1003265,Arti,P00184942,F,26-35,35,0,Uttar Pradesh,Central,Food Processing,Stationery,1,20071.28118
1003396,Akshay,P00178242,F,26-35,31,1,Delhi,Central,Textile,Footwear & Shoes,4,20034.7394
1002380,Swati,P00124642,F,26-35,26,1,Delhi,Central,IT Sector,Footwear & Shoes,2,19998.19762
1002059,Mathew,P00114142,F,36-45,41,0,Karnataka,Southern,IT Sector,Footwear & Shoes,1,19961.65584
1001335,Kushal,P00108942,F,36-45,42,0,Delhi,Central,IT Sector,Footwear & Shoes,1,19925.11406
1004838,Luxemburg,P00062842,F,46-50,49,0,Delhi,Central,Lawyer,Footwear & Shoes,3,19888.57228
1001015,Bharat,P00289942,F,36-45,44,0,Delhi,Central,Chemical,Stationery,2,19852.0305
1000549,Sharda,P00113542,F,26-35,31,0,Karnataka,Southern,IT Sector,Footwear & Shoes,2,19815.48872
1001954,Steele,P00294542,M,26-35,31,1,Jharkhand,Eastern,IT Sector,Footwear & Shoes,3,19778.94695
1001912,Hazel,P00087442,F,26-35,27,0,Bihar,Eastern,Automobile,Tupperware,3,19742.40517
1003918,Shariari,P00334242,F,26-35,32,0,Karnataka,Southern,Retail,Footwear & Shoes,3,19705.86339
1001896,Brittain,P00117142,M,55+,66,0,Uttar Pradesh,Central,Govt,Footwear & Shoes,2,19669.32161
1002445,Shiva,P00184042,F,26-35,28,0,Delhi,Central,Aviation,Stationery,4,19632.77983
1002279,Noah,P00368342,F,51-55,52,0,Karnataka,Southern,Aviation,Footwear & Shoes,4,19596.23805
1002898,Kotsonis,P00309242,F,18-25,19,0,Madhya Pradesh,Central,Healthcare,Footwear & Shoes,4,19559.69627
1004277,Sanjay,P00315442,F,36-45,45,1,Delhi,Central,Construction,Footwear & Shoes,2,19523.15449
1003576,Alejandro,P00101342,M,51-55,53,1,Maharashtra,Western,Aviation,Footwear & Shoes,4,19486.61272
1003724,Devendra,P00232442,F,36-45,36,0,Delhi,Central,Aviation,Footwear & Shoes,2,19450.07094
1003384,Sujay,P00033742,F,36-45,41,1,Delhi,Central,Banking,Footwear & Shoes,4,19413.52916
1003051,Moren,P00288342,F,18-25,22,0,Uttar Pradesh,Central,Govt,Tupperware,1,19376.98738
1003311,Neola,P00228142,F,26-35,30,1,Karnataka,Southern,Hospitality,Footwear & Shoes,3,19340.4456
1004782,Philippe,P00114942,M,46-50,46,1,Karnataka,Southern,Hospitality,Footwear & Shoes,1,19303.90382
1003998,Patterson,P00232242,F,46-50,47,0,Delhi,Central,IT Sector,Footwear & Shoes,4,19267.36204
1000284,George,P00034742,F,26-35,29,0,Karnataka,Southern,Healthcare,Footwear & Shoes,2,19230.82026
1000509,Rohan,P00278042,F,26-35,28,0,Delhi,Central,Banking,Footwear & Shoes,2,19194.27848
1000838,Divyeshkumar,P00363542,M,51-55,53,1,Gujarat,Western,Hospitality,Footwear & Shoes,4,19157.73671
1000838,Divyeshkumar,P00363542,M,51-55,53,1,Rajasthan,Northern,Hospitality,Footwear & Shoes,2,19121.19493
1002060,Lynn,P00351042,M,0-17,15,0,Bihar,Eastern,Healthcare,Footwear & Shoes,4,19084.65315
1000850,Bhawna,P00324342,M,36-45,40,1,Karnataka,Southern,IT Sector,Footwear & Shoes,3,19048.11137
1005522,Mitch,P00179742,F,26-35,35,1,Delhi,Central,Automobile,Footwear & Shoes,1,19011.56959
1005153,Ivan,P00190242,F,26-35,33,1,Karnataka,Southern,IT Sector,Footwear & Shoes,4,18975.02781
1002122,Avila,P00161442,F,36-45,40,0,Karnataka,Southern,Aviation,Footwear & Shoes,1,18938.48603
1000984,Ben,P00248142,F,51-55,52,0,Madhya Pradesh,Central,IT Sector,Tupperware,2,18901.94425
1005220,Amlan,P00209842,F,26-35,27,1,Delhi,Central,Aviation,Footwear & Shoes,2,18865.40248
1001202,Diwakar,P00205442,F,36-45,45,0,Delhi,Central,IT Sector,Footwear & Shoes,2,18828.8607
1006014,Sharelle,P00183142,F,46-50,48,0,Karnataka,Southern,Aviation,Footwear & Shoes,4,18792.31892
1005111,Amisha,P00177842,F,36-45,38,0,Uttar Pradesh,Central,Media,Footwear & Shoes,4,18755.77714
1004227,William,P00059242,F,26-35,33,1,Karnataka,Southern,IT Sector,Footwear & Shoes,3,18719.23536
1001331,Foulston,P00248942,F,46-50,47,1,Uttar Pradesh,Central,Banking,Footwear & Shoes,4,18682.69358
1004937,Ferrer,P00112842,F,36-45,40,1,Uttar Pradesh,Central,Media,Footwear & Shoes,2,18646.1518
1005600,Muskan,P00085242,M,46-50,47,0,Haryana,Northern,Automobile,Tupperware,1,18609.61002
1000791,Stuart,P00127842,M,36-45,44,1,Karnataka,Southern,IT Sector,Footwear & Shoes,2,18573.06825
1003888,Beth,P00242742,F,46-50,46,0,Madhya Pradesh,Central,Aviation,Footwear & Shoes,2,18536.52647
1006016,Sauptik,P00183742,F,46-50,50,0,Delhi,Central,Aviation,Footwear & Shoes,4,18499.98469
1000604,Pistek,P00304642,F,46-50,49,0,Karnataka,Southern,Healthcare,Footwear & Shoes,4,18463.44291
1000173,Muhammed,P00057642,F,26-35,29,1,Uttar Pradesh,Central,Banking,Tupperware,1,18426.90113
1004284,Piyam,P00032042,F,51-55,53,0,Karnataka,Southern,Healthcare,Footwear & Shoes,1,18390.35935
1002994,Hemant,P00000142,F,36-45,42,0,Madhya Pradesh,Central,IT Sector,Footwear & Shoes,2,18353.81757
1004016,Dowd,P00123842,M,51-55,51,1,Uttar Pradesh,Central,Aviation,Furniture,3,18317.27579
1005788,Bixby,P00130642,F,26-35,26,1,Karnataka,Southern,Banking,Footwear & Shoes,2,18280.73401
1001184,Brandow,P00146342,M,26-35,30,0,Maharashtra,Western,Media,Footwear & Shoes,4,18244.19224
1000053,Howell,P00120442,F,26-35,33,1,Karnataka,Southern,Aviation,Footwear & Shoes,4,18207.65046
1002511,Ananya,P00148642,M,26-35,34,0,Kerala,Southern,Chemical,Furniture,1,18171.10868
1004377,Sibella,P00298942,M,26-35,26,0,Karnataka,Southern,Retail,Footwear & Shoes,3,18134.5669
1005481,Wale,P00277642,F,46-50,46,0,Maharashtra,Western,Govt,Furniture,1,18098.02512
1003940,Kritika,P00159442,F,36-45,36,1,Karnataka,Southern,Automobile,Footwear & Shoes,1,18061.48334
1000687,Neola,P00344542,M,26-35,26,0,Delhi,Central,Chemical,Tupperware,4,18024.94156
1000889,Parth,P00021842,F,46-50,50,1,Delhi,Central,Lawyer,Footwear & Shoes,1,17988.39978
1000167,Brooke,P00322142,M,26-35,32,0,Maharashtra,Western,Food Processing,Furniture,2,17951.85801
1004972,Barcio,P00249542,F,36-45,38,0,Karnataka,Southern,Banking,Footwear & Shoes,3,17915.31623
1003094,Pelletier,P00223642,F,36-45,41,1,Karnataka,Southern,Retail,Footwear & Shoes,1,17878.77445
1000157,Michelle,P00117842,F,36-45,43,0,Karnataka,Southern,Automobile,Footwear & Shoes,3,17842.23267
1001015,Bharat,P00109842,M,36-45,40,0,Delhi,Central,Food Processing,Footwear & Shoes,3,17805.69089
1003468,Divyansh,P00059442,F,26-35,26,1,Delhi,Central,IT Sector,Footwear & Shoes,2,17769.14911
1002251,Raglin,P00337442,F,36-45,36,1,Delhi,Central,Media,Footwear & Shoes,1,17732.60733
1005014,Kajal,P00122442,F,46-50,50,0,Karnataka,Southern,IT Sector,Tupperware,1,17696.06555
1003085,Natalie,P00267542,F,26-35,32,0,Delhi,Central,IT Sector,Footwear & Shoes,4,17659.52378
1004112,Mrunal,P00190242,F,46-50,47,1,Delhi,Central,Hospitality,Footwear & Shoes,3,17622.982
1002592,Nikita,P00356842,F,51-55,51,0,Maharashtra,Western,Media,Tupperware,2,17586.44022
1001298,Siddharth,P00349142,F,36-45,36,0,Uttar Pradesh,Central,Construction,Footwear & Shoes,1,17549.89844
1002537,Cindy,P00359242,M,36-45,42,1,Uttar Pradesh,Central,IT Sector,Footwear & Shoes,4,17513.35666
1005538,Kartik,P00269542,F,46-50,49,1,Karnataka,Southern,Banking,Footwear & Shoes,1,17476.81488
1000971,Savi,P00016542,F,26-35,32,1,Uttar Pradesh,Central,Retail,Footwear & Shoes,1,17440.2731
1001103,Yaanvi,P00334242,M,46-50,48,0,Delhi,Central,IT Sector,Tupperware,1,17403.73132
1003081,Kalyani,P00218642,F,26-35,32,0,Uttarakhand,Central,Food Processing,Furniture,1,17367.18955
1002164,McCrossin,P00110942,M,36-45,41,0,Himachal Pradesh,Northern,Banking,Furniture,4,17330.64777
1003635,Calhoun,P00273042,F,51-55,54,0,Delhi,Central,Retail,Footwear & Shoes,4,17294.10599
1001030,Selesnick,P00162442,F,26-35,33,0,Karnataka,Southern,Chemical,Footwear & Shoes,4,17257.56421
1001029,Parakh,P00317842,F,26-35,30,0,Karnataka,Southern,Lawyer,Footwear & Shoes,3,17221.02243
1003311,Neola,P00180442,F,26-35,29,0,Delhi,Central,IT Sector,Footwear & Shoes,3,17184.48065
1003416,Vaibhavi,P00100642,F,26-35,27,1,Uttarakhand,Central,Media,Furniture,4,17147.93887
1004573,Cari,P00071442,M,51-55,51,1,Haryana,Northern,Aviation,Furniture,4,17111.39709
1004179,Sink,P00100842,M,36-45,43,1,Karnataka,Southern,Textile,Furniture,1,17074.85531
1005661,Geld,P00148042,M,26-35,31,0,Maharashtra,Western,Healthcare,Tupperware,1,17038.31354
1001736,Martinez,P00227942,M,55+,72,1,Uttar Pradesh,Central,Textile,Footwear & Shoes,2,17001.77176
1003401,Ameesha,P00120342,F,36-45,39,0,Maharashtra,Western,IT Sector,Footwear & Shoes,2,16965.22998
1001835,Jamie,P00180642,F,26-35,31,0,Karnataka,Southern,Aviation,Footwear & Shoes,4,16928.6882
1002899,McCarthy,P00193642,M,36-45,42,1,Karnataka,Southern,Automobile,Footwear & Shoes,1,16892.14642
1002860,Chad,P00033942,F,36-45,40,0,Delhi,Central,IT Sector,Footwear & Shoes,1,16855.60464
1004362,Prichep,P00015742,F,26-35,26,1,Karnataka,Southern,Chemical,Footwear & Shoes,3,16819.06286
1001147,Lanier,P00296642,F,26-35,27,0,Kerala,Southern,IT Sector,Tupperware,3,16782.52108
1004953,Sukrith,P00015542,F,36-45,39,0,Kerala,Southern,Healthcare,Furniture,3,16745.97931
1005884,Elliston,P00112542,F,18-25,25,1,Kerala,Southern,Banking,Furniture,2,16709.43753
1002765,Bergman,P00127942,F,51-55,55,0,Madhya Pradesh,Central,Aviation,Footwear & Shoes,2,16672.89575
1005140,Arthur,P00157642,F,26-35,29,0,Delhi,Central,Healthcare,Footwear & Shoes,1,16636.35397
1004161,Murray,P00265242,F,46-50,50,1,Uttar Pradesh,Central,Banking,Furniture,1,16599.81219
1003697,Toch,P00250342,F,26-35,30,0,Delhi,Central,Banking,Footwear & Shoes,4,16563.27041
1002041,Dahlen,P00115142,M,26-35,31,1,Madhya Pradesh,Central,Banking,Furniture,3,16526.72863
1003726,Randy,P00274042,F,26-35,34,1,Karnataka,Southern,Lawyer,Footwear & Shoes,2,16490.18685
1001803,Pradeep,P00249642,F,26-35,33,1,Maharashtra,Western,Chemical,Footwear & Shoes,2,16453.64508
1005814,Aayushi,P00113442,M,26-35,30,1,Karnataka,Southern,IT Sector,Furniture,4,16417.1033
1004901,Aparajita,P00120242,F,26-35,29,0,Delhi,Central,Banking,Footwear & Shoes,4,16380.56152
1003958,Arsheen,P0096942,F,46-50,49,0,Karnataka,Southern,Healthcare,Footwear & Shoes,3,16344.01974
1003563,Becky,P00249842,F,26-35,34,0,Kerala,Southern,Healthcare,Furniture,4,16307.47796
1002793,Aniket,P00207742,F,36-45,42,1,Maharashtra,Western,Govt,Tupperware,3,16270.93618
1003283,Gute,P00233542,M,36-45,38,1,Delhi,Central,Textile,Footwear & Shoes,3,16234.3944
1001941,Gopal,P00184942,M,36-45,26,1,Delhi,Central,Chemical,Footwear & Shoes,4,16197.85262
1004279,Soumya,P00032142,F,26-35,28,1,Uttar Pradesh,Central,Banking,Furniture,1,16161.31084
1001181,Cathy,P00278642,F,36-45,40,1,Delhi,Central,Media,Footwear & Shoes,1,16124.76907
1003211,Jason,P00211242,M,51-55,54,0,Gujarat,Western,Construction,Furniture,4,16088.22729
1000216,Gjertsen,P00323042,F,46-50,47,1,Delhi,Central,Aviation,Footwear & Shoes,2,16051.68551
1003618,Keshav,P00233442,M,18-25,19,0,Bihar,Eastern,Aviation,Footwear & Shoes,2,16015.14373
1004354,Zydlo,P00153142,F,36-45,41,0,Delhi,Central,Govt,Footwear & Shoes,3,15978.60195
1000793,Staavos,P00068042,M,36-45,41,0,Karnataka,Southern,Healthcare,Furniture,1,15942.06017
1003690,Fein,P0099242,F,18-25,24,0,Uttar Pradesh,Central,Healthcare,Footwear & Shoes,4,15905.51839
1004122,Aastha,P00118142,F,18-25,23,0,Kerala,Southern,Hospitality,Furniture,1,15868.97661
1003503,Lloyd,P00344842,F,18-25,25,0,Madhya Pradesh,Central,Govt,Furniture,3,15832.43484
1002852,Harshita,P00123142,F,26-35,29,0,Delhi,Central,Media,Footwear & Shoes,2,15795.89306
1001004,Kirkland,P00036342,M,26-35,34,0,Delhi,Central,Retail,Footwear & Shoes,1,15759.35128
1000390,Trafton,P00319042,M,26-35,29,0,Haryana,Northern,Automobile,Footwear & Shoes,4,15722.8095
1003099,Shahid,P00127542,F,26-35,26,0,Karnataka,Southern,Aviation,Footwear & Shoes,2,15686.26772
1002201,Dodson,P00127642,F,55+,83,1,Madhya Pradesh,Central,Govt,Furniture,1,15649.72594
1002271,Redmond,P00193542,F,51-55,55,0,Gujarat,Western,Aviation,Tupperware,1,15613.18416
1004327,Payne,P00153842,F,36-45,37,1,Karnataka,Southern,IT Sector,Footwear & Shoes,4,15576.64238
1001835,Jamie,P00304942,F,26-35,34,1,Delhi,Central,Chemical,Footwear & Shoes,4,15540.10061
1003475,Cousins,P00227942,M,26-35,29,1,Andhra Pradesh,Southern,IT Sector,Footwear & Shoes,4,15503.55883
1001613,Eva,P00173342,F,18-25,23,1,Uttar Pradesh,Central,Healthcare,Footwear & Shoes,1,15467.01705
1005680,Mary,P00277642,F,51-55,51,1,Delhi,Central,Food Processing,Footwear & Shoes,1,15430.47527
1004979,Kennedy,P00346042,F,36-45,39,1,Karnataka,Southern,Media,Footwear & Shoes,1,15393.93349
1004819,Swetha,P00269642,F,36-45,41,1,Delhi,Central,Automobile,Footwear & Shoes,1,15357.39171
1003580,Maxwell,P00018042,M,18-25,20,1,Telangana,Southern,Healthcare,Footwear & Shoes,1,15320.84993
1001861,Eno,P00295842,F,51-55,52,0,Uttar Pradesh,Central,Aviation,Footwear & Shoes,2,15284.30815
1001618,Eugene,P00109742,M,51-55,53,0,Andhra Pradesh,Southern,Food Processing,Footwear & Shoes,4,15247.76638
1002330,Sumeet,P00129842,F,46-50,48,0,Delhi,Central,Aviation,Footwear & Shoes,4,15211.2246
1004013,Michelle,P00182242,F,26-35,31,1,Karnataka,Southern,Chemical,Footwear & Shoes,2,15174.68282
1005178,Edelman,P00346142,F,51-55,55,0,Karnataka,Southern,Healthcare,Footwear & Shoes,3,15138.14104
1001162,Rose,P00057742,M,36-45,40,1,Karnataka,Southern,Banking,Footwear & Shoes,4,15101.59926
1004680,Ballard,P00215542,F,36-45,45,0,Delhi,Central,Textile,Footwear & Shoes,1,15065.05748
1005108,Erica,P00158742,M,26-35,26,0,Himachal Pradesh,Northern,Aviation,Furniture,4,15028.5157
1005446,Sheetal,P00059442,M,51-55,52,0,Karnataka,Southern,Chemical,Furniture,1,14991.97392
1002181,Sweta,P00363342,F,26-35,27,1,Karnataka,Southern,Banking,Footwear & Shoes,1,14955.43214
1004485,Jim,P00339842,F,26-35,35,0,Kerala,Southern,Media,Furniture,2,14918.89037
1006040,Pond,P00111142,F,26-35,27,0,Karnataka,Southern,Food Processing,Footwear & Shoes,2,14882.34859
1003272,Pinky,P00324642,M,36-45,42,1,Delhi,Central,IT Sector,Footwear & Shoes,2,14845.80681
1001757,Eleni,P0095542,F,26-35,28,1,Karnataka,Southern,Textile,Footwear & Shoes,1,14809.26503
1001969,Klamczynski,P00160042,M,26-35,28,0,Delhi,Central,Chemical,Footwear & Shoes,1,14772.72325
1003694,Bellavance,P00115942,F,26-35,35,0,Madhya Pradesh,Central,IT Sector,Footwear & Shoes,4,14736.18147
1004436,Talbott,P0096542,F,26-35,28,0,Kerala,Southern,Retail,Tupperware,2,14699.63969
1001260,Dheeraj,P00274042,F,26-35,35,1,Madhya Pradesh,Central,Aviation,Footwear & Shoes,3,14663.09791
1004064,Skach,P0097142,F,46-50,48,0,Delhi,Central,Banking,Footwear & Shoes,2,14626.55614
1004829,Gary,P00146042,F,26-35,28,0,Karnataka,Southern,IT Sector,Footwear & Shoes,3,14590.01436
1000549,Sharda,P00147042,F,26-35,26,0,Kerala,Southern,Banking,Furniture,1,14553.47258
1003245,Zeldin,P00351242,F,18-25,21,0,Uttarakhand,Central,Govt,Furniture,1,14516.9308
1005137,Murdock,P00187342,F,18-25,19,1,Haryana,Northern,Automobile,Tupperware,2,14480.38902
1003259,Wardle,P00054242,M,18-25,20,0,Himachal Pradesh,Northern,Healthcare,Furniture,2,14443.84724
1003503,Lloyd,P00241642,M,18-25,25,1,Madhya Pradesh,Central,Aviation,Furniture,1,14407.30546
1002068,Dhanraj,P00172842,M,36-45,39,0,Uttar Pradesh,Central,Construction,Footwear & Shoes,3,14370.76368
1002067,Suhani,P00199442,F,51-55,52,1,Delhi,Central,Construction,Footwear & Shoes,2,14334.22191
1003825,Staebel,P00014542,F,18-25,20,0,Delhi,Central,Aviation,Footwear & Shoes,1,14297.68013
1000942,Syed,P00214142,M,51-55,52,1,Uttar Pradesh,Central,Lawyer,Furniture,3,14261.13835
1001456,Lonsdale,P00182242,M,26-35,34,0,Uttar Pradesh,Central,Textile,Footwear & Shoes,1,14224.59657
1004942,Murry,P00050642,F,46-50,47,0,Uttar Pradesh,Central,IT Sector,Furniture,3,14188.05479
1002760,McClure,P00101842,M,55+,77,1,Kerala,Southern,Lawyer,Footwear & Shoes,4,14151.51301
1004327,Payne,P00085942,F,36-45,41,0,Karnataka,Southern,Retail,Footwear & Shoes,2,14114.97123
1003536,Skye,P00268442,F,18-25,24,1,Karnataka,Southern,Banking,Furniture,3,14078.42945
1005836,Nishi,P00110942,F,26-35,27,0,Delhi,Central,Govt,Footwear & Shoes,1,14041.88767
1004682,Vishakha,P00030442,F,26-35,27,1,Uttarakhand,Central,Chemical,Furniture,2,14005.3459
1004237,Doherty,P00102442,F,26-35,28,0,Karnataka,Southern,Chemical,Footwear & Shoes,4,13968.80412
1004802,Patil,P00361642,M,55+,87,0,Delhi,Central,Govt,Footwear & Shoes,4,13932.26234
1001218,Jaideep,P00118542,M,55+,79,0,Madhya Pradesh,Central,Food Processing,Footwear & Shoes,4,13895.72056
1001611,Joy,P00265142,M,26-35,27,0,Andhra Pradesh,Southern,Healthcare,Footwear & Shoes,2,13859.17878
1001050,Nishant,P00213342,F,26-35,35,0,Maharashtra,Western,Banking,Footwear & Shoes,1,13822.637
1002747,Collister,P0097842,M,18-25,20,0,Haryana,Northern,Healthcare,Tupperware,2,13786.09522
1001941,Gopal,P00332442,M,36-45,26,1,Uttar Pradesh,Central,Hospitality,Furniture,4,13749.55344
1004160,Gonzalez,P00041342,F,36-45,36,0,Bihar,Eastern,Retail,Furniture,3,13713.01167
1002126,Anjali,P00122442,M,55+,71,1,Karnataka,Southern,IT Sector,Footwear & Shoes,2,13676.46989
1003096,Prashant,P00145442,M,46-50,47,0,Jharkhand,Eastern,Automobile,Furniture,4,13639.92811
1001451,Sink,P00193842,M,36-45,44,1,Haryana,Northern,Banking,Furniture,2,13603.38633
1002953,Ryan,P00176642,F,26-35,32,1,Delhi,Central,Automobile,Footwear & Shoes,3,13566.84455
1004285,Bhishm,P00006442,F,36-45,40,0,Delhi,Central,Healthcare,Footwear & Shoes,1,13530.30277
1000326,Jonathan,P00120542,M,51-55,53,0,Gujarat,Western,IT Sector,Footwear & Shoes,3,13493.76099
1006016,Sauptik,P00274442,F,46-50,47,0,Maharashtra,Western,Agriculture,Footwear & Shoes,2,13457.21921
1004343,Swetlana,P00270942,F,26-35,31,0,Karnataka,Southern,Govt,Footwear & Shoes,1,13420.67744
1001884,Eugene,P00111042,F,46-50,49,0,Delhi,Central,Healthcare,Footwear & Shoes,4,13384.13566
1000623,McGrath,P00184942,F,26-35,34,1,Delhi,Central,Construction,Footwear & Shoes,3,13347.59388
1003963,Ritsa,P00226242,F,51-55,51,0,Karnataka,Southern,Chemical,Footwear & Shoes,2,13311.0521
1002025,Ross,P00175242,M,55+,88,1,Karnataka,Southern,IT Sector,Footwear & Shoes,4,13274.51032
1001593,Samiksha,P00075742,F,26-35,28,0,Karnataka,Southern,Retail,Footwear & Shoes,1,13237.96854
1003423,Sayre,P00337742,F,26-35,29,1,Karnataka,Southern,Banking,Footwear & Shoes,4,13201.42676
1000651,Carreira,P00194142,M,36-45,41,0,Uttar Pradesh,Central,Chemical,Furniture,1,13164.88498
1005237,Bhaggyasree,P00037142,F,26-35,30,1,Delhi,Central,IT Sector,Footwear & Shoes,3,13128.34321
1001506,Moumita,P0096442,F,26-35,35,0,Delhi,Central,Textile,Footwear & Shoes,1,13091.80143
1003641,Cacioppo,P00193242,F,26-35,30,0,Kerala,Southern,Aviation,Furniture,4,13055.25965
1000182,Speros,P00049442,F,18-25,21,1,Karnataka,Southern,Aviation,Footwear & Shoes,4,13018.71787
1003108,Filia,P00291542,F,51-55,52,0,Uttar Pradesh,Central,Food Processing,Footwear & Shoes,1,12982.17609
1005039,Lampkin,P00324442,M,36-45,44,0,Gujarat,Western,Automobile,Tupperware,4,12945.63431
1001451,Sink,P00311642,F,36-45,41,1,Madhya Pradesh,Central,Banking,Footwear & Shoes,4,12909.09253
1002340,James,P00117142,F,36-45,45,0,Karnataka,Southern,Construction,Footwear & Shoes,3,12872.55075
1001339,Hendricks,P00173342,F,36-45,40,0,Madhya Pradesh,Central,Aviation,Footwear & Shoes,1,12836.00897
1003224,Kushal,P00277842,M,26-35,32,1,Madhya Pradesh,Central,Chemical,Furniture,1,12799.4672
1004837,Chetan,P00068142,F,26-35,35,1,Kerala,Southern,Banking,Furniture,3,12762.92542
1004640,Nirja,P00106042,F,26-35,31,1,Maharashtra,Western,Food Processing,Furniture,2,12726.38364
1003311,Neola,P00249842,F,26-35,33,1,Kerala,Southern,IT Sector,Furniture,1,12689.84186
1002031,Aditya,P00350942,F,36-45,37,0,Delhi,Central,IT Sector,Footwear & Shoes,4,12653.30008
1001021,Pradeep,P00059442,F,36-45,37,1,Madhya Pradesh,Central,Automobile,Footwear & Shoes,4,12616.7583
1001017,Farhat,P00326642,F,36-45,45,0,Karnataka,Southern,Banking,Footwear & Shoes,3,12580.21652
1000372,Nikita,P00358442,M,18-25,22,1,Delhi,Central,Govt,Furniture,3,12543.67474
1001520,Ramesh,P00332242,F,26-35,32,1,Delhi,Central,Food Processing,Footwear & Shoes,4,12507.13297
1003012,Seio,P00221042,M,26-35,34,0,Delhi,Central,Construction,Footwear & Shoes,2,12470.59119
1001591,Anchal,P00059442,F,51-55,53,1,Uttar Pradesh,Central,Automobile,Footwear & Shoes,2,12434.04941
1000004,Guthrie,P00184942,F,46-50,47,0,Madhya Pradesh,Central,Retail,Footwear & Shoes,1,12397.50763
1004627,Rosenblatt,P00282042,M,55+,58,0,Uttar Pradesh,Central,IT Sector,Footwear & Shoes,1,12360.96585
1006011,Aniket,P00182342,F,36-45,43,1,Delhi,Central,Construction,Footwear & Shoes,1,12324.42407
1005686,Reiter,P00215442,F,55+,88,0,Andhra Pradesh,Southern,Chemical,Furniture,4,12287.88229
1000563,Rosenberg,P00319842,F,26-35,28,1,Karnataka,Southern,Healthcare,Footwear & Shoes,1,12251.34051
1002109,Gelder,P00269242,F,26-35,30,0,Karnataka,Southern,Banking,Footwear & Shoes,4,12214.79874
1000976,Ashwin,P00250242,F,36-45,41,1,Uttar Pradesh,Central,Aviation,Footwear & Shoes,3,12178.25696
1005156,Brooks,P00049642,F,18-25,19,1,Delhi,Central,Aviation,Footwear & Shoes,1,12141.71518
1006016,Sauptik,P00033542,F,46-50,47,0,Delhi,Central,Banking,Footwear & Shoes,3,12105.1734
1000058,Moray,P00266542,F,26-35,33,0,Karnataka,Southern,Retail,Footwear & Shoes,3,12068.63162
1005433,Mayank,P00174142,M,36-45,38,0,Delhi,Central,Chemical,Footwear & Shoes,1,12032.08984
1001733,Gonzalez,P00304942,F,18-25,22,1,Haryana,Northern,Healthcare,Furniture,2,11995.54806
1004725,Jackson,P00059142,M,36-45,41,0,Karnataka,Southern,Healthcare,Footwear & Shoes,4,11959.00628
1002956,Neha,P00003242,F,26-35,31,1,Uttar Pradesh,Central,Media,Footwear & Shoes,4,11922.4645
1000338,Nunn,P00208342,F,36-45,45,0,Delhi,Central,Automobile,Footwear & Shoes,3,11885.92273
1002766,Cyma,P00319042,F,46-50,50,0,Haryana,Northern,IT Sector,Furniture,3,11849.38095
1000646,Aarushi,P00086442,M,36-45,43,0,Uttar Pradesh,Central,Govt,Footwear & Shoes,3,11812.83917
1002037,Gnade,P00364842,F,55+,72,0,Andhra Pradesh,Southern,Govt,Furniture,3,11776.29739
1005517,Priyanka,P00113042,M,55+,82,0,Karnataka,Southern,Aviation,Footwear & Shoes,2,11739.75561
1004050,Abhijeet,P00138542,F,36-45,43,1,Uttar Pradesh,Central,Govt,Footwear & Shoes,1,11703.21383
1005807,Beltran,P00303442,F,36-45,41,0,Madhya Pradesh,Central,Textile,Footwear & Shoes,3,11666.67205
1002507,Lakshmi,P00045842,F,26-35,35,1,Gujarat,Western,Chemical,Furniture,1,11630.13027
1004498,Srishti,P00030842,F,51-55,55,0,Delhi,Central,Textile,Footwear & Shoes,1,11593.5885
1005157,Parks,P00003242,M,36-45,36,1,Haryana,Northern,Chemical,Footwear & Shoes,2,11557.04672
1004171,Brian,P00221542,M,55+,87,0,Uttar Pradesh,Central,Construction,Footwear & Shoes,2,11520.50494
1002012,Gibson,P00273942,F,26-35,34,0,Delhi,Central,IT Sector,Footwear & Shoes,2,11483.96316
1003934,Ann,P00265242,F,26-35,32,0,Karnataka,Southern,Retail,Footwear & Shoes,4,11447.42138
1002676,Jitesh,P00177842,M,55+,62,1,Uttar Pradesh,Central,Lawyer,Footwear & Shoes,4,11410.8796
1002106,Luke,P00016542,M,18-25,24,0,Andhra Pradesh,Southern,Chemical,Furniture,3,11374.33782
1003741,Shirley,P00127642,F,26-35,29,1,Delhi,Central,Banking,Footwear & Shoes,2,11337.79604
1001359,Aarushi,P00249742,M,36-45,36,0,Madhya Pradesh,Central,Govt,Footwear & Shoes,4,11301.25427
1002889,Richard,P00196042,F,36-45,44,0,Karnataka,Southern,Healthcare,Footwear & Shoes,1,11264.71249
1005096,Roger,P00288342,F,26-35,26,0,Karnataka,Southern,Healthcare,Footwear & Shoes,1,11228.17071
1004860,Peterman,P00115442,M,26-35,33,0,Karnataka,Southern,Healthcare,Footwear & Shoes,3,11191.62893
1003726,Randy,P00119442,F,26-35,33,1,Delhi,Central,Hospitality,Footwear & Shoes,2,11155.08715
1004194,Kennedy,P00286442,F,18-25,20,0,Haryana,Northern,IT Sector,Furniture,4,11118.54537
1003036,Prescott,P00255842,F,55+,92,0,Uttarakhand,Central,Chemical,Furniture,2,11082.00359
1003380,Blumstein,P00102342,F,51-55,55,0,Karnataka,Southern,Banking,Footwear & Shoes,3,11045.46181
1001667,Mane,P00276642,F,51-55,52,0,Delhi,Central,Aviation,Footwear & Shoes,2,11008.92004
1002888,Corey-Lock,P00321742,F,26-35,26,0,Madhya Pradesh,Central,Media,Footwear & Shoes,3,10972.37826
1000777,Harivansh,P00259342,M,18-25,22,0,Gujarat,Western,Construction,Furniture,2,10935.83648
1001503,Willman,P00277242,M,26-35,35,1,Andhra Pradesh,Southern,Food Processing,Footwear & Shoes,1,10899.2947
1002979,Ken,P00210342,F,36-45,40,0,Karnataka,Southern,Aviation,Footwear & Shoes,2,10862.75292
1001513,Seio,P00273742,M,36-45,41,1,Himachal Pradesh,Northern,Construction,Furniture,4,10826.21114
1000651,Carreira,P00346542,M,36-45,36,0,Uttar Pradesh,Central,Healthcare,Footwear & Shoes,1,10789.66936
1002664,percer,P00090942,M,36-45,45,0,Karnataka,Southern,Aviation,Footwear & Shoes,2,10753.12758
1004673,Lee,P00125942,M,36-45,36,0,Uttar Pradesh,Central,Chemical,Footwear & Shoes,4,10716.5858
1000850,Bhawna,P00231442,F,36-45,40,1,Uttar Pradesh,Central,Healthcare,Furniture,3,10680.04403
1001599,Akshata,P00028842,F,26-35,26,1,Himachal Pradesh,Northern,Construction,Furniture,2,10643.50225
1001284,O'Brian,P00351342,F,46-50,47,0,Karnataka,Southern,IT Sector,Footwear & Shoes,2,10606.96047
1003557,Craven,P00058442,F,18-25,24,1,Delhi,Central,Hospitality,Footwear & Shoes,1,10570.41869
1003320,Sandra,P00179042,M,26-35,29,1,Karnataka,Southern,Aviation,Footwear & Shoes,3,10533.87691
1005857,Shweta,P00000142,M,46-50,50,0,Karnataka,Southern,IT Sector,Furniture,4,10497.33513
1004506,Ashbrook,P00312342,F,51-55,51,0,Delhi,Central,Aviation,Footwear & Shoes,2,10460.79335
1000711,McNair,P00118742,M,26-35,34,0,Karnataka,Southern,Hospitality,Footwear & Shoes,4,10424.25157
1001088,Phan,P00304142,F,0-17,16,1,Uttar Pradesh,Central,Chemical,Furniture,3,10387.7098
1001227,Dianna,P00370342,F,51-55,51,0,Madhya Pradesh,Central,Media,Furniture,4,10351.16802
1000678,Barnes,P00240642,F,26-35,26,1,Karnataka,Southern,Media,Footwear & Shoes,1,10314.62624
1001666,Swint,P00041442,F,26-35,29,1,Gujarat,Western,Food Processing,Furniture,3,10278.08446
1003576,Alejandro,P00328742,M,51-55,52,1,Himachal Pradesh,Northern,Banking,Footwear & Shoes,1,10241.54268
1004819,Swetha,P00264042,F,36-45,36,1,Delhi,Central,Automobile,Footwear & Shoes,3,10205.0009
1003842,Shivangi,P00115942,M,36-45,39,0,Haryana,Northern,Construction,Footwear & Shoes,3,10168.45912
1000553,Turumella,P00170642,F,26-35,33,0,Delhi,Central,Aviation,Footwear & Shoes,3,10131.91734
1005576,Subhashree,P00165442,F,26-35,33,1,Karnataka,Southern,Banking,Footwear & Shoes,1,10095.37557
1003715,Ludtke,P00016842,F,18-25,24,0,Madhya Pradesh,Central,Govt,Furniture,1,10058.83379
1000854,Abhijit,P00052542,M,26-35,26,1,Uttar Pradesh,Central,Banking,Furniture,3,10022.29201
1004089,Reichenbach,P00348242,M,26-35,30,0,Bihar,Eastern,Aviation,Footwear & Shoes,4,9985.750229
1002515,Roach,P00102542,F,46-50,49,0,Karnataka,Southern,Aviation,Footwear & Shoes,2,9949.20845
1003903,Kalyani,P00232442,F,26-35,30,0,Delhi,Central,Banking,Footwear & Shoes,2,9912.666671
1005270,Medina,P00028842,F,26-35,29,1,Bihar,Eastern,Chemical,Furniture,3,9876.124893
1001952,Rob,P00068442,F,36-45,38,0,Delhi,Central,Healthcare,Footwear & Shoes,3,9839.583114
1000071,Surbhi,P00062842,F,26-35,33,0,Delhi,Central,Retail,Footwear & Shoes,3,9803.041335
1001983,Atul,P00346142,M,26-35,33,0,Karnataka,Southern,Aviation,Footwear & Shoes,3,9766.499556
1003131,Hemangi,P00109742,M,26-35,34,0,Maharashtra,Western,IT Sector,Furniture,2,9729.957777
1005765,Nat,P00280642,F,26-35,26,1,Uttar Pradesh,Central,Hospitality,Furniture,3,9693.415999
1002266,Neoma,P00148742,M,51-55,52,0,Karnataka,Southern,Healthcare,Furniture,2,9656.87422
1004951,Kristina,P00072242,M,36-45,44,0,Maharashtra,Western,Automobile,Furniture,3,9620.332441
1003823,Denise,P00270542,F,55+,72,1,Gujarat,Western,Healthcare,Furniture,2,9583.790662
1001297,Murdock,P00105142,F,26-35,32,1,Uttar Pradesh,Central,Healthcare,Furniture,4,9547.248883
1005031,Shruti,P00112242,M,26-35,27,0,Uttar Pradesh,Central,IT Sector,Furniture,3,9510.707105
1005260,Hazard,P00331942,F,36-45,38,0,Rajasthan,Northern,Textile,Furniture,3,9474.165326
1003315,Chuck,P00073642,F,26-35,30,1,Uttarakhand,Central,IT Sector,Furniture,1,9437.623547
1005926,Barcio,P00182242,M,51-55,55,0,Uttar Pradesh,Central,Agriculture,Furniture,1,9401.081768
1003675,Hawkins,P00288942,F,36-45,36,1,Maharashtra,Western,Lawyer,Furniture,2,9364.539989
1004685,Pardue,P00109542,M,36-45,37,0,Karnataka,Southern,Aviation,Furniture,4,9327.998211
1003505,Fuller,P00071442,M,26-35,34,1,Andhra Pradesh,Southern,Lawyer,Furniture,4,9291.456432
1000524,Ober,P00018042,F,18-25,25,0,Uttarakhand,Central,IT Sector,Furniture,4,9254.914653
1003025,Kristen,P00232842,M,36-45,39,0,Uttar Pradesh,Central,Govt,Furniture,3,9218.372874
1001819,Sudheer,P00121042,M,36-45,38,1,Rajasthan,Northern,Govt,Furniture,2,9181.831096
1003336,Vipul,P00302642,M,36-45,37,0,Himachal Pradesh,Northern,IT Sector,Furniture,2,9145.289317
1005305,Greene,P00010842,M,18-25,21,0,Maharashtra,Western,Healthcare,Furniture,4,9108.747538
1001088,Phan,P00354342,M,0-17,12,1,Uttar Pradesh,Central,Aviation,Furniture,2,9072.205759
1002069,Cacioppo,P00069542,F,55+,63,1,Madhya Pradesh,Central,Textile,Furniture,1,9035.66398
1003684,Skach,P00251942,F,26-35,31,1,Kerala,Southern,IT Sector,Furniture,1,8999.122202
1002664,percer,P00104842,F,36-45,43,0,Rajasthan,Northern,Banking,Furniture,1,8962.580423
1003274,Carter,P00046742,F,26-35,28,0,Andhra Pradesh,Southern,Media,Furniture,2,8926.038644
1000583,Alyssa,P00020342,M,26-35,35,0,Madhya Pradesh,Central,Aviation,Furniture,4,8889.496865
1001499,Caffey,P00338442,F,0-17,12,0,Uttar Pradesh,Central,Aviation,Furniture,2,8852.955086
1004016,Dowd,P00259242,F,51-55,53,0,Himachal Pradesh,Northern,Govt,Furniture,3,8816.413308
1004725,Jackson,P0096442,F,36-45,41,0,Uttarakhand,Central,Banking,Furniture,3,8779.871529
1003934,Ann,P00252942,F,26-35,34,0,Haryana,Northern,Healthcare,Furniture,3,8743.32975
1004323,Ed,P00191442,F,18-25,21,1,Uttarakhand,Central,Aviation,Furniture,4,8706.787971
1005239,Quincy,P00178342,F,36-45,43,0,Andhra Pradesh,Southern,Media,Furniture,2,8670.246192
1004277,Sanjay,P00370342,F,36-45,42,0,Kerala,Southern,Govt,Furniture,3,8633.704414
1001851,Sidharth,P00325242,F,26-35,34,1,Maharashtra,Western,Agriculture,Furniture,3,8597.162635
1002102,Hoffman,P00304742,M,26-35,32,0,Kerala,Southern,Govt,Furniture,1,8560.620856
1000148,Rutuja,P00151742,F,51-55,51,1,Himachal Pradesh,Northern,Banking,Furniture,4,8524.079077
1000637,Lawera,P00103242,M,36-45,45,1,Uttarakhand,Central,Food Processing,Furniture,3,8487.537298
1000092,Gene,P00166942,M,18-25,21,1,Uttar Pradesh,Central,Lawyer,Furniture,4,8450.99552
1005060,Kimmel,P00178042,F,46-50,46,0,Gujarat,Western,Retail,Furniture,3,8414.453741
1000783,Delaney,P00044442,F,26-35,31,0,Maharashtra,Western,Healthcare,Furniture,3,8377.911962
1001096,Joy,P00008742,F,0-17,17,0,Jharkhand,Eastern,Automobile,Furniture,3,8341.370183
1000662,Pawlan,P00325242,F,18-25,20,1,Haryana,Northern,Food Processing,Furniture,2,8304.828405
1000036,Sonia,P00327342,F,26-35,27,0,Uttarakhand,Central,Construction,Furniture,4,8268.286626
1001669,George,P00053842,M,26-35,32,0,Andhra Pradesh,Southern,Govt,Food,1,8231.744847
1001556,Deanra,P00113942,F,18-25,18,0,Maharashtra,Western,Lawyer,Food,4,8195.203068
1003615,liebe,P00190942,F,26-35,28,1,Maharashtra,Western,Healthcare,Food,2,8158.661289
1001943,Phelps,P00028542,F,18-25,23,1,Telangana,Southern,Banking,Food,3,8122.119511
1004449,Masurkar,P00312842,F,26-35,30,0,Uttar Pradesh,Central,Healthcare,Food,3,8085.577732
1005757,Talbott,P00051442,M,0-17,16,1,Kerala,Southern,Construction,Food,1,8049.035953
1000737,Steven,P00087042,M,0-17,13,1,Delhi,Central,Chemical,Food,1,8012.494174
1004505,Daniels,P00301542,M,51-55,53,0,Uttar Pradesh,Central,Govt,Food,2,7975.952395
1005536,Troy,P00027542,F,26-35,34,0,Andhra Pradesh,Southern,Aviation,Food,2,7939.410617
1001281,Gjertsen,P00026042,F,26-35,31,0,Gujarat,Western,Automobile,Food,1,7902.868838
1005824,Eva,P00218142,F,18-25,25,0,Karnataka,Southern,IT Sector,Food,2,7866.327059
1002419,Shantanu,P00165942,F,26-35,28,1,Himachal Pradesh,Northern,Banking,Food,4,7829.78528
1002462,Nripraj,P00197042,F,36-45,40,0,Karnataka,Southern,IT Sector,Food,3,7793.243501
1001154,Ashmeet,P00154642,F,0-17,13,0,Rajasthan,Northern,Govt,Food,2,7756.701723
1001426,Sandra,P00114942,F,18-25,25,0,Uttar Pradesh,Central,Healthcare,Food,4,7720.159944
1004601,Gaurav,P00014442,F,36-45,40,1,Madhya Pradesh,Central,Hospitality,Food,4,7683.618165
1003345,Jim,P00144242,F,26-35,29,0,Maharashtra,Western,Banking,Food,4,7647.076386
1001946,Engle,P00334242,F,26-35,29,1,Karnataka,Southern,Aviation,Food,1,7610.534607
1003715,Ludtke,P00351042,F,18-25,21,1,Maharashtra,Western,Healthcare,Food,3,7573.992829
1003111,Dean,P00234542,F,18-25,18,0,Uttar Pradesh,Central,Hospitality,Food,3,7537.45105
1001387,Ashley,P00086442,M,51-55,55,0,Uttar Pradesh,Central,IT Sector,Food,2,7500.909271
1000725,Goranitis,P00093242,F,55+,67,1,Kerala,Southern,Govt,Food,3,7464.367492
1001022,Minnotte,P00340942,F,26-35,26,0,Bihar,Eastern,IT Sector,Food,1,7427.825713
1004357,Dana,P00036842,M,36-45,45,0,Uttar Pradesh,Central,IT Sector,Food,2,7391.283935
1005091,Hitika,P00182142,F,26-35,26,0,Andhra Pradesh,Southern,IT Sector,Food,4,7354.742156
1005650,Mautz,P00085942,M,36-45,39,1,Uttar Pradesh,Central,Healthcare,Food,1,7318.200377
1001941,Gopal,P00179442,M,36-45,26,1,Jharkhand,Eastern,Hospitality,Food,2,7281.658598
1004528,Anurag,P00338442,F,26-35,33,1,Uttar Pradesh,Central,Automobile,Food,2,7245.11682
1003655,Asish,P00255842,M,26-35,32,0,Uttar Pradesh,Central,Banking,Food,1,7208.575041
1003650,Ginny,P00050542,F,26-35,27,0,Maharashtra,Western,Lawyer,Food,4,7172.033262
1002955,Soodesh,P00119142,F,36-45,44,0,Uttar Pradesh,Central,Chemical,Food,4,7135.491483
1002818,Harrigan,P00129542,F,26-35,34,0,Karnataka,Southern,IT Sector,Food,2,7098.949704
1005788,Bixby,P00255942,F,26-35,31,0,Maharashtra,Western,Healthcare,Food,4,7062.407926
1000533,Akash,P00184942,F,26-35,27,1,Uttar Pradesh,Central,Aviation,Food,1,7025.866147
1005709,Madhulika,P00120042,F,18-25,21,1,Uttar Pradesh,Central,Media,Food,4,6989.324368
1001897,Eplett,P00111942,M,51-55,54,0,Maharashtra,Western,IT Sector,Food,1,6952.782589
1001777,Hirsh,P00344242,F,26-35,32,0,Andhra Pradesh,Southern,Retail,Food,3,6916.24081
1000337,Phonely,P00241642,F,18-25,18,1,Haryana,Northern,IT Sector,Food,3,6879.699032
1005201,Karlsson,P00101342,F,51-55,55,1,Maharashtra,Western,Aviation,Food,2,6843.157253
1001437,Savi,P00043342,F,51-55,55,0,Uttar Pradesh,Central,Retail,Food,3,6806.615474
1006009,Aditya,P00148642,M,26-35,28,1,Punjab,Northern,Hospitality,Food,4,6770.073695
1000148,Rutuja,P00334642,F,51-55,51,0,Telangana,Southern,Construction,Food,2,6733.531916
1004980,Rob,P00331942,F,26-35,31,0,Madhya Pradesh,Central,Food Processing,Food,1,6696.990138
1001952,Rob,P00102342,F,36-45,36,0,Haryana,Northern,IT Sector,Food,2,6660.448359
1004042,Phillina,P00114842,F,36-45,45,0,Karnataka,Southern,Lawyer,Food,1,6623.90658
1003317,Kinney,P00042242,F,26-35,30,0,Gujarat,Western,Media,Food,2,6587.364801
1000820,Moray,P00368642,F,36-45,43,1,Bihar,Eastern,IT Sector,Food,2,6550.823022
1001306,Airdo,P00080342,F,26-35,34,1,Haryana,Northern,IT Sector,Food,1,6514.281244
1005000,Caudle,P00116642,F,26-35,29,1,Bihar,Eastern,Media,Food,4,6477.739465
1003722,Muskan,P00181542,F,26-35,32,1,Uttar Pradesh,Central,Lawyer,Food,3,6441.197686
1000783,Delaney,P00118342,F,26-35,27,1,Uttar Pradesh,Central,IT Sector,Food,4,6404.655907
1001895,Gross,P00113842,F,36-45,38,1,Andhra Pradesh,Southern,Govt,Food,4,6368.114129
1004425,Indulekha,P00020242,F,36-45,39,1,Maharashtra,Western,Retail,Food,3,6331.57235
1003189,Kipp,P00112542,F,26-35,28,1,Maharashtra,Western,Healthcare,Food,1,6295.030571
1003562,Sonal,P00155242,M,26-35,29,0,Maharashtra,Western,IT Sector,Food,3,6258.488792
1004736,Mahima,P00084842,F,18-25,19,0,Delhi,Central,Healthcare,Food,4,6221.947013
1002994,Hemant,P0009942,F,36-45,38,0,Uttar Pradesh,Central,IT Sector,Food,4,6185.405235
1003213,Bolton,P00278642,M,26-35,28,1,Maharashtra,Western,Automobile,Food,2,6148.863456
1003105,Ludwig,P00244142,F,36-45,38,1,Bihar,Eastern,Agriculture,Food,4,6112.321677
1004795,Lonsdale,P00043542,F,46-50,49,0,Bihar,Eastern,Media,Food,2,6075.779898
1004937,Ferrer,P00169442,F,36-45,43,0,Karnataka,Southern,Aviation,Food,4,6039.238119
1001050,Nishant,P00162942,F,26-35,31,0,Haryana,Northern,Aviation,Food,1,6002.696341
1004884,Divyeta,P00319342,F,36-45,43,0,Uttar Pradesh,Central,Govt,Food,4,5966.154562
1005377,Piyam,P00279542,M,18-25,24,1,Uttar Pradesh,Central,Aviation,Food,1,5929.612783
1002571,Hrisheekesh,P00058142,F,36-45,45,0,Karnataka,Southern,Banking,Food,2,5893.071004
1003630,Atharv,P00350342,F,18-25,22,0,Uttar Pradesh,Central,Govt,Food,4,5856.529225
1000738,McAdams,P00307342,M,18-25,20,1,Uttar Pradesh,Central,Banking,Food,4,5819.987447
1000712,Riya,P00338542,F,26-35,29,1,Uttar Pradesh,Central,IT Sector,Food,3,5783.445668
1004058,Shaily,P00113142,F,26-35,30,1,Uttar Pradesh,Central,Automobile,Food,2,5746.903889
1005930,Roach,P00084442,M,36-45,38,1,Himachal Pradesh,Northern,Chemical,Food,3,5710.36211
1001451,Sink,P00145742,F,36-45,39,0,Haryana,Northern,IT Sector,Food,3,5673.820331
1004041,Fritzler,P00039442,F,18-25,18,0,Haryana,Northern,Govt,Food,4,5637.278553
1003311,Neola,P00183242,F,26-35,30,0,Andhra Pradesh,Southern,Govt,Food,3,5600.736774
1003216,Pratyusmita,P00330242,F,36-45,41,1,Uttar Pradesh,Central,Construction,Food,3,5564.194995
1000774,Abhishek,P00370242,F,18-25,23,0,Uttar Pradesh,Central,Banking,Food,2,5527.653216
1003689,Hildebrand,P00219942,F,26-35,31,1,Andhra Pradesh,Southern,Healthcare,Food,4,5491.111437
1005458,Akshat,P00151742,M,18-25,23,0,Andhra Pradesh,Southern,Healthcare,Food,2,5454.569659
1003458,Soltero,P00212942,F,46-50,50,0,Andhra Pradesh,Southern,Chemical,Food,2,5418.02788
1005458,Akshat,P00151742,M,18-25,23,0,Kerala,Southern,Healthcare,Food,1,5381.486101
1001591,Anchal,P00280242,F,51-55,52,1,Uttar Pradesh,Central,IT Sector,Food,4,5344.944322
1003681,Andreadi,P00180342,F,26-35,35,0,Haryana,Northern,Lawyer,Food,3,5308.402544
1002942,Christy,P00114142,M,51-55,52,0,Uttar Pradesh,Central,Aviation,Food,1,5271.860765
1003320,Sandra,P00179842,M,26-35,28,0,Haryana,Northern,Construction,Food,1,5235.318986
1004740,Mayank,P00058442,M,26-35,28,0,Andhra Pradesh,Southern,Healthcare,Food,2,5198.777207
1005964,Aromal,P00265742,F,18-25,24,0,Madhya Pradesh,Central,Govt,Food,2,5162.235428
1000313,Brooke,P00117742,M,18-25,23,1,Madhya Pradesh,Central,Healthcare,Food,3,5125.69365
1001150,Becky,P00228142,M,26-35,29,0,Uttar Pradesh,Central,Aviation,Food,2,5089.151871
1001150,Becky,P00228142,M,26-35,29,0,Uttar Pradesh,Central,Aviation,Food,4,5052.610092
1000793,Staavos,P00331842,M,36-45,43,0,Bihar,Eastern,Lawyer,Food,1,5016.068313
1000392,Cooley,P00354642,F,18-25,23,0,Uttar Pradesh,Central,Healthcare,Food,2,4979.526534
1001183,Mahima,P00237542,F,36-45,36,0,Uttar Pradesh,Central,Banking,Food,3,4942.984756
1000787,Anemone,P00328042,F,18-25,23,1,Bihar,Eastern,IT Sector,Food,1,4906.442977
1003626,Kartik,P00145942,M,26-35,34,0,Kerala,Southern,Healthcare,Food,4,4869.901198
1001962,Bryan,P00194442,M,18-25,20,0,Delhi,Central,Food Processing,Food,3,4833.359419
1003618,Keshav,P00178842,M,18-25,19,0,Madhya Pradesh,Central,Lawyer,Food,2,4796.81764
1004042,Phillina,P00131542,F,36-45,42,0,Karnataka,Southern,Food Processing,Food,4,4760.275862
1001736,Martinez,P00152742,F,55+,71,0,Maharashtra,Western,Hospitality,Food,4,4723.734083
1002733,Guy,P00209842,F,46-50,49,0,Andhra Pradesh,Southern,Media,Food,3,4687.192304
1003292,Dipali,P00327242,M,51-55,52,0,Karnataka,Southern,Banking,Food,4,4650.650525
1001889,Carl,P00345842,F,18-25,19,0,Bihar,Eastern,Food Processing,Food,3,4614.108746
1000850,Bhawna,P00088242,F,36-45,41,1,Karnataka,Southern,IT Sector,Food,2,4577.566968
1001757,Eleni,P00244242,F,26-35,29,0,Delhi,Central,Healthcare,Food,1,4541.025189
1001312,Dianna,P00190142,F,26-35,30,0,Uttar Pradesh,Central,Media,Food,2,4504.48341
1001390,Tom,P00052642,F,36-45,39,0,Maharashtra,Western,Construction,Food,3,4467.941631
1005556,Jitesh,P00113442,F,46-50,50,1,Karnataka,Southern,Banking,Food,1,4431.399853
1002235,Kishwar,P00133542,F,0-17,16,0,Maharashtra,Western,Banking,Food,2,4394.858074
1000798,Amisha,P00187442,M,26-35,31,0,Madhya Pradesh,Central,Govt,Food,4,4358.316295
1005906,Sunley,P00062842,M,18-25,18,1,Jharkhand,Eastern,Banking,Food,4,4321.774516
1005221,Yogesh,P00346642,M,55+,67,0,Uttarakhand,Central,Retail,Food,2,4285.232737
1004153,Heidel,P00052042,F,51-55,54,0,Maharashtra,Western,Govt,Food,2,4248.690959
1002896,Dashyam,P00070042,F,18-25,21,0,Karnataka,Southern,Aviation,Food,1,4212.14918
1005083,Laura,P00014642,F,26-35,35,1,Maharashtra,Western,Banking,Food,4,4175.607401
1001579,Victor,P00176542,F,26-35,32,0,Karnataka,Southern,Food Processing,Food,4,4139.065622
1003550,Jesal,P00316642,F,26-35,31,1,Uttar Pradesh,Central,Aviation,Food,1,4102.523843
1003281,Sanjna,P00216342,F,26-35,34,0,Uttar Pradesh,Central,Hospitality,Food,4,4065.982065
1002428,Lori,P00282242,F,46-50,47,1,Maharashtra,Western,Aviation,Food,1,4029.440286
1005795,Conant,P00129342,F,26-35,28,0,Gujarat,Western,Aviation,Food,2,3992.898507
1000081,Laalji,P00184942,M,26-35,26,0,Karnataka,Southern,Food Processing,Food,2,3956.356728
1004021,Aishwarya,P00316642,F,51-55,53,1,Maharashtra,Western,Automobile,Food,4,3919.814949
1004285,Bhishm,P00189842,F,36-45,43,0,Maharashtra,Western,Lawyer,Food,2,3883.273171
1005327,Monton,P00103042,F,26-35,35,0,Haryana,Northern,Retail,Food,3,3846.731392
1003626,Kartik,P00120442,F,26-35,27,1,Uttar Pradesh,Central,Govt,Food,3,3810.189613
1003358,Mitch,P00144642,M,26-35,35,1,Karnataka,Southern,Govt,Food,1,3773.647834
1003391,Rose,P00351942,F,18-25,18,0,Maharashtra,Western,Media,Food,4,3737.106055
1002262,Geld,P00208342,F,46-50,48,0,Maharashtra,Western,Healthcare,Food,3,3700.564277
1002857,Sukant,P00225642,F,26-35,31,0,Maharashtra,Western,Retail,Food,3,3664.022498
1003946,Ashvini,P00195342,M,26-35,26,0,Karnataka,Southern,Chemical,Food,3,3627.480719
1001483,Shardul,P00151742,F,18-25,20,0,Uttar Pradesh,Central,Healthcare,Food,3,3590.93894
1004418,Sibella,P00025642,M,51-55,53,0,Maharashtra,Western,Hospitality,Food,1,3554.397161
1000331,Bhargav,P00044442,F,26-35,27,0,Uttar Pradesh,Central,Textile,Food,4,3517.855383
1005237,Bhaggyasree,P00137242,F,26-35,32,1,Gujarat,Western,Banking,Food,4,3481.313604
1001530,Haberlin,P00115742,F,26-35,33,0,Andhra Pradesh,Southern,IT Sector,Food,2,3444.771825
1000331,Bhargav,P00279442,F,26-35,32,1,Maharashtra,Western,Agriculture,Food,4,3408.230046
1001128,Weiss,P00290342,F,26-35,27,1,Uttar Pradesh,Central,Banking,Food,3,3371.688268
1004856,Garverick,P00084842,M,26-35,28,0,Kerala,Southern,Hospitality,Food,1,3335.146489
1004362,Prichep,P00057542,F,26-35,28,1,Maharashtra,Western,IT Sector,Food,3,3298.60471
1001806,Duston,P00046742,F,18-25,25,0,Telangana,Southern,Media,Food,4,3262.062931
1003546,Nockton,P00285342,F,26-35,29,1,Haryana,Northern,Automobile,Food,1,3225.521152
1002803,Jahan,P00110742,F,26-35,34,0,Uttar Pradesh,Central,Aviation,Food,3,3188.979374
1004133,McCrary,P00226242,F,46-50,47,0,Bihar,Eastern,Retail,Food,1,3152.437595
1004601,Gaurav,P00156442,F,36-45,41,0,Delhi,Central,Aviation,Food,3,3115.895816
1004589,Dunbar,P00281742,F,26-35,26,0,Maharashtra,Western,Automobile,Food,1,3079.354037
1002849,O'Rourke,P00327542,F,46-50,49,0,Haryana,Northern,Textile,Food,3,3042.812258
1005355,Akanksha,P00246142,F,55+,90,1,Gujarat,Western,Banking,Food,1,3006.27048
1004243,Koutras,P00128442,F,55+,56,1,Maharashtra,Western,Automobile,Food,4,2969.728701
1000876,Aromal,P00219942,F,26-35,26,1,Uttar Pradesh,Central,Chemical,Food,2,2933.186922
1005251,Luke,P00085642,M,26-35,29,0,Jharkhand,Eastern,IT Sector,Food,2,2896.645143
1003361,Sheldon,P00145042,F,26-35,33,1,Uttar Pradesh,Central,Aviation,Food,2,2860.103364
1002376,Brosina,P00085242,F,26-35,34,0,Delhi,Central,Media,Food,2,2823.561586
1000869,Crebassa,P00145642,F,18-25,23,1,Andhra Pradesh,Southern,IT Sector,Food,4,2787.019807
1004238,Dona,P00206642,F,36-45,43,1,Uttar Pradesh,Central,Food Processing,Food,2,2750.478028
1000955,Monica,P00237542,M,51-55,51,0,Uttar Pradesh,Central,IT Sector,Food,2,2713.936249
1001074,Brown,P00117442,F,46-50,48,1,Bihar,Eastern,Automobile,Food,2,2677.39447
1003503,Lloyd,P00333542,F,18-25,19,1,Uttar Pradesh,Central,Healthcare,Food,1,2640.852692
1003218,Craig,P00265242,F,55+,63,0,Madhya Pradesh,Central,Agriculture,Food,3,2604.310913
1003182,Cartwright,P00363742,F,26-35,26,0,Karnataka,Southern,Aviation,Food,1,2567.769134
1002941,Bavinger,P00189642,F,36-45,37,0,Gujarat,Western,Automobile,Food,3,2531.227355
1001399,Chapman,P00361842,F,18-25,19,0,Madhya Pradesh,Central,Automobile,Food,3,2494.685577
1004337,Dawkins,P00120342,F,18-25,20,0,Maharashtra,Western,Media,Food,4,2458.143798
1003711,Manning,P00031042,F,36-45,36,0,Madhya Pradesh,Central,Healthcare,Food,3,2421.602019
1000646,Aarushi,P00356942,F,36-45,43,1,Madhya Pradesh,Central,IT Sector,Food,2,2385.06024
1001631,Wilson,P00192242,M,51-55,52,0,Maharashtra,Western,Healthcare,Food,2,2348.518461
1003487,Jesus,P00220342,F,18-25,22,0,Maharashtra,Western,IT Sector,Food,4,2311.976683
1000429,Farah,P00113342,F,18-25,21,0,Uttar Pradesh,Central,Healthcare,Food,2,2275.434904
1003026,Hendricks,P0096642,M,18-25,20,0,Andhra Pradesh,Southern,Healthcare,Food,1,2238.893125
1001680,Vasudev,P00064342,M,26-35,26,0,Madhya Pradesh,Central,Food Processing,Food,1,2202.351346
1000150,Toch,P00025442,F,36-45,44,1,Delhi,Central,Agriculture,Food,3,2165.809567
1003824,Dilbeck,P00110242,F,26-35,26,0,Uttar Pradesh,Central,Chemical,Food,4,2129.267789
1004124,Kastensmidt,P00110842,F,26-35,32,1,Haryana,Northern,Media,Food,1,2092.72601
1000204,Tejeswini,P00359742,F,26-35,33,0,Karnataka,Southern,Chemical,Food,2,2056.184231
1004408,Harsh,P0095042,M,46-50,47,1,Punjab,Northern,Govt,Food,1,2019.642452
1004408,Harsh,P0095042,M,46-50,47,1,Telangana,Southern,Govt,Food,4,1983.100673
1004227,William,P00089442,F,26-35,26,0,Maharashtra,Western,IT Sector,Food,3,1946.558895
1005851,Sakshi,P00293242,M,18-25,25,0,Uttar Pradesh,Central,Retail,Food,4,1910.017116
1000808,Kasheen,P00181342,F,26-35,32,1,Uttar Pradesh,Central,IT Sector,Food,2,1873.475337
1002526,Shreya,P00271142,M,55+,92,1,Uttar Pradesh,Central,Banking,Food,2,1836.933558
1005262,Aryan,P00286642,M,26-35,28,0,Maharashtra,Western,Construction,Food,4,1800.391779
1002771,Sukant,P00101942,F,18-25,23,1,Rajasthan,Northern,Chemical,Food,3,1763.850001
1001980,Christina,P00174442,F,36-45,38,1,Delhi,Central,Media,Food,4,1727.308222
1002109,Gelder,P00270942,F,26-35,31,1,Maharashtra,Western,Govt,Food,1,1690.766443
1005329,Heidel,P00112342,M,26-35,35,1,Karnataka,Southern,Textile,Food,3,1654.224664
1005718,Nat,P00058042,M,36-45,42,0,Himachal Pradesh,Northern,Banking,Food,3,1617.682885
1004950,LaWare,P00176942,F,26-35,30,0,Uttar Pradesh,Central,Govt,Food,1,1581.141107
1001532,Aditi,P00250642,F,18-25,19,1,Uttar Pradesh,Central,Construction,Food,1,1544.599328
1003519,Catlett,P00313342,M,26-35,32,1,Uttar Pradesh,Central,Lawyer,Food,3,1508.057549
1000732,Katz,P00162042,F,26-35,29,0,Delhi,Central,Healthcare,Food,2,1471.51577
1001920,Yash,P00123742,M,36-45,44,1,Maharashtra,Western,Banking,Food,1,1434.973992
1005806,Roper,P00288642,M,51-55,52,1,Kerala,Southern,Media,Food,3,1398.432213
1000229,Dortch,P00156242,F,18-25,18,0,Madhya Pradesh,Central,IT Sector,Food,2,1361.890434
1002063,Shreyshi,P00026742,F,26-35,29,0,Haryana,Northern,Banking,Food,4,1325.348655
1004417,Lomonaco,P00045142,F,26-35,34,1,Uttar Pradesh,Central,IT Sector,Food,3,1288.806876
1004509,Madhav,P00259142,M,26-35,26,1,Bihar,Eastern,Media,Food,4,1252.265098
1000780,Ishit,P00321742,F,26-35,30,1,Uttar Pradesh,Central,Aviation,Food,1,1215.723319
1001430,Raksha,P00106042,F,18-25,22,1,Uttar Pradesh,Central,Govt,Food,1,1179.18154
1000651,Carreira,P00041342,F,36-45,38,0,Maharashtra,Western,Govt,Food,1,1142.639761
1003384,Sujay,P00147742,F,36-45,44,0,Uttar Pradesh,Central,Healthcare,Food,1,1106.097982
1005488,Logan,P00053742,F,26-35,35,0,Maharashtra,Western,Chemical,Food,2,1069.556204
1004682,Vishakha,P00134242,F,26-35,27,1,Karnataka,Southern,Aviation,Food,1,1033.014425
1004791,Crebagga,P00124342,F,18-25,19,1,Maharashtra,Western,Govt,Food,1,996.472646
1002181,Sweta,P00150942,F,26-35,32,1,Uttar Pradesh,Central,IT Sector,Food,3,959.9308672
1002109,Gelder,P00028942,F,26-35,34,0,Bihar,Eastern,Textile,Food,1,923.3890884
1001563,Subhasmita,P00361842,M,0-17,16,1,Andhra Pradesh,Southern,Hospitality,Food,3,886.8473096
1001427,Zrebassa,P00216342,F,26-35,32,1,Karnataka,Southern,Hospitality,Food,2,850.3055308
1004510,Crebagga,P00236542,F,46-50,46,0,Uttar Pradesh,Central,Retail,Food,1,813.7637521
1000533,Akash,P00221142,F,26-35,31,1,Telangana,Southern,Lawyer,Food,4,777.2219733
1000343,Vrinda,P00112342,M,36-45,45,0,Gujarat,Western,Chemical,Food,2,740.6801945
1003128,Donovan,P00182442,F,18-25,19,1,Uttar Pradesh,Central,Media,Food,1,704.1384157
1001317,Nikhil,P00052542,F,46-50,50,0,Madhya Pradesh,Central,Healthcare,Food,1,667.5966369
1002173,Kritika,P00270842,F,51-55,54,1,Uttar Pradesh,Central,Automobile,Food,3,631.0548581
1001448,Avila,P00205842,M,26-35,32,0,Andhra Pradesh,Southern,Lawyer,Food,2,594.5130793
1001181,Cathy,P00052842,F,36-45,43,1,Karnataka,Southern,Aviation,Food,4,557.9713005
1004765,Alex,P00102642,M,36-45,43,0,Uttarakhand,Central,Hospitality,Food,3,521.4295217
1001128,Weiss,P00075542,F,26-35,26,0,Andhra Pradesh,Southern,Media,Food,2,484.8877429
1004562,Burns,P00120142,F,36-45,39,0,Telangana,Southern,Textile,Food,4,448.3459641
1001721,Ankita,P00008642,F,18-25,24,1,Gujarat,Western,Aviation,Food,3,411.8041853
1004450,Magdelene,P00183042,F,26-35,29,0,Maharashtra,Western,Healthcare,Food,4,375.2624065
1000352,Maris,P00154042,F,18-25,23,1,Uttar Pradesh,Central,Lawyer,Food,1,338.7206278
1002627,Vaibhav,P00370642,F,26-35,29,0,Delhi,Central,Construction,Food,2,302.178849
1003633,McAfee,P00110942,F,36-45,41,1,Jharkhand,Eastern,Automobile,Food,1,265.6370702
1000749,Flanagan,P00123542,F,36-45,37,1,Maharashtra,Western,Healthcare,Food,2,229.0952914
1004673,Lee,P00277642,F,36-45,41,0,Maharashtra,Western,Healthcare,Food,3,192.5535126
1002088,Divyansha,P00063342,F,51-55,52,0,Uttar Pradesh,Central,Banking,Food,1,156.0117338
1003576,Alejandro,P00123742,F,51-55,53,0,Madhya Pradesh,Central,Agriculture,Food,4,119.469955
1000476,Manjiri,P00143642,F,36-45,41,0,Uttar Pradesh,Central,Agriculture,Food,2,82.9281762
1000480,Shatayu,P00317942,M,18-25,25,0,Madhya Pradesh,Central,IT Sector,Food,4,46.38639741
1003422,Grayson,P00057342,F,26-35,34,1,Uttar Pradesh,Central,Healthcare,Food,4,9.844618618
